model_id,auc,logloss,aucpr,mean_per_class_error,rmse,mse
StackedEnsemble_Best1000_1_AutoML_1_20250524_05956,0.6785942017104242,0.6227089026241153,0.5596840394641461,0.3829113427992544,0.4656592403751628,0.2168385281467736
StackedEnsemble_BestOfFamily_7_AutoML_1_20250524_05956,0.6777671873493829,0.6226412867534353,0.5566083345202234,0.3922170561351763,0.4655082800927046,0.2166979588348679
GBM_grid_1_AutoML_1_20250524_05956_model_245,0.6775134074523184,0.6223665075576931,0.5564399398087926,0.3970101358808018,0.4655569332151739,0.2167432580647179
StackedEnsemble_AllModels_6_AutoML_1_20250524_05956,0.6772589969342812,0.6218534489649065,0.5579265039940592,0.3878605462799218,0.4653159435306217,0.2165189273037927
StackedEnsemble_AllModels_4_AutoML_1_20250524_05956,0.6772386368857414,0.6214380090125382,0.5602053411969085,0.3907903212293145,0.465163121599518,0.216376729696208
GBM_grid_1_AutoML_1_20250524_05956_model_160,0.6762382918459807,0.6232258065259162,0.5564284183845261,0.3955762839668221,0.4659148776491666,0.2170766732148379
GBM_grid_1_AutoML_1_20250524_05956_model_49,0.6761037894014236,0.6242231138914474,0.5533440141148612,0.3775167407346013,0.4663794581423631,0.2175097989771642
StackedEnsemble_AllModels_3_AutoML_1_20250524_05956,0.6760272139976234,0.6225028049157303,0.555125349796299,0.3699518115488321,0.4656722985986885,0.2168506896821861
GBM_grid_1_AutoML_1_20250524_05956_model_247,0.6759777552956396,0.6228607717178458,0.5537217558875476,0.40294950437696,0.4659100322282086,0.2170721581308904
GBM_grid_1_AutoML_1_20250524_05956_model_183,0.6759537916986857,0.6245043971687793,0.5519632154154702,0.4017197934806404,0.4665544841940936,0.2176730867216167
GBM_grid_1_AutoML_1_20250524_05956_model_257,0.6758907296014385,0.6235958575808113,0.5590532255822315,0.3898888935935215,0.4659491699762453,0.2171086290015519
GBM_grid_1_AutoML_1_20250524_05956_model_252,0.6755265910341913,0.6240038656296519,0.5558076142041873,0.377727908671669,0.466372040388693,0.2175028800563127
GBM_grid_1_AutoML_1_20250524_05956_model_227,0.6754817268564356,0.6239490200125448,0.5521630303950219,0.4154246286318138,0.4663688185572904,0.2174998749225229
GBM_grid_1_AutoML_1_20250524_05956_model_51,0.6753585755893828,0.6224745256183206,0.557104907486071,0.3973739140932076,0.4657429537339524,0.2169164989528265
GBM_grid_1_AutoML_1_20250524_05956_model_192,0.6749965090624738,0.6235807105601795,0.560270276331681,0.403512108373115,0.4661966093700203,0.2173392785881033
StackedEnsemble_AllModels_2_AutoML_1_20250524_05956,0.6748854296826085,0.6230614682870288,0.5587523543182354,0.3889714301672857,0.4658370912040885,0.2170041955414862
GBM_grid_1_AutoML_1_20250524_05956_model_81,0.6746869642537007,0.6233832198248374,0.5518195852296405,0.3839814165008284,0.4661693243672011,0.2173138389809727
GBM_grid_1_AutoML_1_20250524_05956_model_222,0.6746316497855438,0.6246401206955673,0.5568841067323766,0.3857009397153377,0.4665965734907434,0.2177123623933027
GBM_grid_1_AutoML_1_20250524_05956_model_250,0.6745078678975187,0.6235851555344839,0.5542902505749004,0.4060940508118344,0.4661163666447454,0.2172644672540986
StackedEnsemble_AllModels_1_AutoML_1_20250524_05956,0.6741967014919592,0.623411449632336,0.5566890866160752,0.3819548709614357,0.4660250875063899,0.2171793821853384
GBM_grid_1_AutoML_1_20250524_05956_model_72,0.6734559020267257,0.6254668387295135,0.5494422505225826,0.3790179790039252,0.4671008661991332,0.2181832192039806
GBM_grid_1_AutoML_1_20250524_05956_model_234,0.673226355992746,0.6243144182201853,0.5561910688754466,0.3840577216384974,0.4663429913864512,0.2174757856152637
GBM_grid_1_AutoML_1_20250524_05956_model_189,0.6731679785084372,0.6246033093535417,0.5550942677532039,0.3837808790315824,0.4665461077803465,0.2176652706849907
GBM_grid_1_AutoML_1_20250524_05956_model_107,0.6729805939909028,0.6242022392100792,0.5527773900039202,0.3793622079661843,0.4665723986559526,0.2176898031875692
GBM_grid_1_AutoML_1_20250524_05956_model_6,0.6728936583854122,0.6239770741436715,0.5541092795971206,0.4107380337418256,0.4664369930653451,0.2175634684998408
GBM_grid_1_AutoML_1_20250524_05956_model_111,0.6727477146746401,0.6249064638014066,0.5495571499380947,0.3986639844254638,0.4668532654095987,0.2179519714236052
GBM_grid_1_AutoML_1_20250524_05956_model_275,0.672727805069652,0.6244444973093265,0.5532514527980905,0.3847338374096973,0.4666553714023852,0.217767235658698
StackedEnsemble_BestOfFamily_4_AutoML_1_20250524_05956,0.6725986178590058,0.6238863071815155,0.5538225537639603,0.41415050400129,0.4663919593964822,0.21752145978969
StackedEnsemble_BestOfFamily_6_AutoML_1_20250524_05956,0.6725718615120309,0.6242426595506978,0.5545230986913855,0.3985664183521513,0.4664289999024743,0.2175560119500224
GBM_grid_1_AutoML_1_20250524_05956_model_155,0.672182768372016,0.6260872955829357,0.5576352238238605,0.397916968839216,0.4671569877412258,0.2182356511954558
GBM_grid_1_AutoML_1_20250524_05956_model_266,0.6718234045064174,0.6255680931454051,0.558418701369724,0.4216639925334477,0.4669917851381445,0.2180813273865109
GBM_grid_1_AutoML_1_20250524_05956_model_146,0.6715013373669052,0.6259144226212765,0.5520655525503402,0.4002824281069569,0.4672516020848221,0.2183240596508329
GBM_grid_1_AutoML_1_20250524_05956_model_232,0.6714656622376054,0.6265094401290271,0.546137571066104,0.3873264103162384,0.4674824727853418,0.2185398623614978
GBM_grid_1_AutoML_1_20250524_05956_model_31,0.6714387257132098,0.625742102406186,0.5552218901636465,0.4051163180383723,0.4671491384815957,0.218228317584097
GBM_grid_1_AutoML_1_20250524_05956_model_86,0.6714225097453462,0.625120865346175,0.5564270358741648,0.3970882427926779,0.4667979923532412,0.2179003656650167
GBM_grid_1_AutoML_1_20250524_05956_model_101,0.671336475026959,0.6264777152477539,0.5504485876798948,0.4032122030563496,0.4676013111170145,0.2186509861583509
GBM_grid_1_AutoML_1_20250524_05956_model_248,0.6712261163567765,0.625703198396571,0.5537723399758336,0.3998778397087612,0.4671330231668344,0.2182132613329862
GBM_grid_1_AutoML_1_20250524_05956_model_52,0.6709612555483384,0.6254443262470031,0.5541601964910207,0.3985983998443267,0.4670143501692326,0.2181024032639906
GBM_grid_1_AutoML_1_20250524_05956_model_272,0.670901436644664,0.6255749387760131,0.5585562963472481,0.3906803229139733,0.4669911477315811,0.2180807320596594
GBM_grid_1_AutoML_1_20250524_05956_model_213,0.6708745902089788,0.6261020819101305,0.5515892809315457,0.3984599334965141,0.4673826712293893,0.2184465613655195
GBM_grid_1_AutoML_1_20250524_05956_model_108,0.6708056723455587,0.6269161039951618,0.5440360659689417,0.3996364920537253,0.4677716680597812,0.2188103334394301
GBM_grid_1_AutoML_1_20250524_05956_model_46,0.6707506281435329,0.6254580515482345,0.5476657786248139,0.4036984118261252,0.467093953277544,0.2181767611884444
GBM_grid_1_AutoML_1_20250524_05956_model_132,0.6706989172237903,0.625939306011319,0.5465444939619875,0.3792895063769293,0.4673435177332969,0.2184099635673324
GBM_grid_1_AutoML_1_20250524_05956_model_269,0.67051513625467,0.6254785036217445,0.5523849225966085,0.3835998908124831,0.4671286108358609,0.2182091390614412
GBM_grid_1_AutoML_1_20250524_05956_model_35,0.6703794626568782,0.6259892441395294,0.5529260510522112,0.3824606289813579,0.4672761323861161,0.218346983897727
GBM_grid_1_AutoML_1_20250524_05956_model_139,0.67008397168692,0.6268832050187044,0.551629830150687,0.3874063190023216,0.4677543615823128,0.2187941427792769
GBM_1_AutoML_1_20250524_05956,0.6700809987594785,0.6261139904499747,0.5494873032417126,0.3852910360832311,0.4673151726312359,0.2183834705713618
StackedEnsemble_BestOfFamily_2_AutoML_1_20250524_05956,0.6698301917898555,0.6260119608908182,0.5488802160961451,0.404221917321987,0.4672930108098965,0.218362757951778
GBM_grid_1_AutoML_1_20250524_05956_model_207,0.6697064099018303,0.6280547032379731,0.5499110795943367,0.4017535767470228,0.4681585510993988,0.2191724289674884
GBM_grid_1_AutoML_1_20250524_05956_model_251,0.6696644285628058,0.6272410725774031,0.5465805594843647,0.387739917496759,0.467821024888389,0.2188565113276227
GBM_grid_1_AutoML_1_20250524_05956_model_162,0.6696408253206934,0.625769677040564,0.5534839510007388,0.3891276439910379,0.4671436705851128,0.2182232089677324
GBM_grid_1_AutoML_1_20250524_05956_model_188,0.6693538927782187,0.6274917774487044,0.5439832936550326,0.3999345955962837,0.4679099523515237,0.2189397235096052
GBM_grid_1_AutoML_1_20250524_05956_model_185,0.6692996593745861,0.6265859867213619,0.5497309049224599,0.387305149380595,0.467569199752968,0.2186209565576309
StackedEnsemble_BestOfFamily_1_AutoML_1_20250524_05956,0.6692279487611451,0.6264125519135266,0.548946239700108,0.390265104047956,0.4674395601346304,0.2184997423788567
GBM_grid_1_AutoML_1_20250524_05956_model_84,0.6691402924459716,0.626922705176743,0.5481559113242632,0.3861907520335274,0.4678495625521147,0.218883213180205
StackedEnsemble_BestOfFamily_3_AutoML_1_20250524_05956,0.6691177702683833,0.6266228764781719,0.545950372113778,0.4014731305916937,0.4675514757556084,0.2186043824812473
GBM_grid_1_AutoML_1_20250524_05956_model_40,0.6690596630502056,0.6257502531567648,0.5547938321324654,0.3956721383546378,0.4671775793686351,0.2182548906647373
GBM_grid_1_AutoML_1_20250524_05956_model_267,0.6690499334694874,0.6280051379362724,0.5531171891917188,0.3983978623750807,0.4681511309528445,0.2191654814124272
GBM_grid_1_AutoML_1_20250524_05956_model_140,0.6690490325823839,0.6257801345564442,0.5537867807955598,0.3920201222143444,0.4672673355358344,0.218338762858758
GBM_grid_1_AutoML_1_20250524_05956_model_85,0.6690192132192571,0.626803548211079,0.5563804386488183,0.4097692197506886,0.4674931967451469,0.2185498890029966
GBM_grid_1_AutoML_1_20250524_05956_model_199,0.6689223678556274,0.6279636532557343,0.5432325014516359,0.3950492650112566,0.4681503564462201,0.2191647562407229
GBM_grid_1_AutoML_1_20250524_05956_model_249,0.6688983141699631,0.6270759155546579,0.549157413113489,0.3806878633390299,0.467880570511804,0.2189122282624512
GBM_grid_1_AutoML_1_20250524_05956_model_70,0.6688323692339847,0.628374778972861,0.547100908548978,0.3822086508585004,0.4682204345964794,0.219230375373716
GBM_grid_1_AutoML_1_20250524_05956_model_58,0.668816603709673,0.6268877571883031,0.5499129263126479,0.3881818026210409,0.4677391180923763,0.218779882593834
GBM_grid_1_AutoML_1_20250524_05956_model_193,0.6686057060387364,0.6271065302671346,0.5512273255916212,0.424572506547197,0.467753047974495,0.2187929138894302
GBM_grid_1_AutoML_1_20250524_05956_model_172,0.6685888594499003,0.6264732391232583,0.5510708738452502,0.4049282128111551,0.4675662736267054,0.218618220233163
GBM_grid_1_AutoML_1_20250524_05956_model_55,0.668395619166193,0.6270718918617166,0.552090445332068,0.3943394560623846,0.4676992610315823,0.2187425987694882
GBM_grid_1_AutoML_1_20250524_05956_model_141,0.6682918369718662,0.6263337584704699,0.5530839241328324,0.4101950690845275,0.4674144021053118,0.2184762232954661
GBM_grid_1_AutoML_1_20250524_05956_model_215,0.6682112976648105,0.6282463359676224,0.546238891926002,0.3906005043166005,0.4684051214886227,0.2194033578367713
GBM_grid_1_AutoML_1_20250524_05956_model_65,0.6680833716961092,0.6262312679789757,0.5496177528872239,0.3970509460665918,0.4675377924885203,0.2185915874050386
GBM_grid_1_AutoML_1_20250524_05956_model_27,0.6680619305830451,0.6272865231525221,0.5462318823624877,0.39767562118418,0.467853716822165,0.2188871003443145
GBM_grid_1_AutoML_1_20250524_05956_model_114,0.6680440029296848,0.6274399762876546,0.551019197474021,0.402768606246571,0.4680343869277138,0.2190561873468009
GBM_3_AutoML_1_20250524_05956,0.6680315706876562,0.6271195049923163,0.5555885053602666,0.3940484695279441,0.4676621953735513,0.2187079289816096
GBM_grid_1_AutoML_1_20250524_05956_model_168,0.6679867065099003,0.6283526666773754,0.548646311543086,0.3893920543559243,0.4683334203877302,0.2193361926520704
GBM_grid_1_AutoML_1_20250524_05956_model_151,0.6679774273727339,0.6291092770798609,0.5508724363964606,0.3928080380750925,0.4686275262251776,0.2196117583359295
GBM_grid_1_AutoML_1_20250524_05956_model_176,0.6678322944603552,0.6274942125832809,0.552344419092486,0.3988556932010951,0.4678601168704263,0.2188930889580089
GBM_grid_1_AutoML_1_20250524_05956_model_9,0.6677995021697866,0.6278208844685679,0.5447488776060228,0.4064365680885969,0.4680728329237002,0.2190921769212181
GBM_grid_1_AutoML_1_20250524_05956_model_104,0.6677747277744395,0.6280097302823086,0.5504152810592041,0.4011590813474027,0.4681398219425677,0.2191548928884189
GBM_grid_1_AutoML_1_20250524_05956_model_270,0.6677625657985419,0.6270265742128739,0.5510450162732098,0.4063425154749882,0.4677280498165382,0.2187695285851821
GBM_grid_1_AutoML_1_20250524_05956_model_271,0.6677598631372312,0.6281872779521762,0.5425537614323707,0.3753748816459568,0.4684667385471041,0.2194610851249608
GBM_grid_1_AutoML_1_20250524_05956_model_212,0.6677145485159236,0.6278340740902892,0.5495349477615412,0.3900592513447992,0.4681223093552565,0.2191384965160985
GBM_grid_1_AutoML_1_20250524_05956_model_75,0.6677140079836615,0.6272860981645335,0.5489937824110906,0.3949853921156163,0.467897776637209,0.2189283293820435
GBM_grid_1_AutoML_1_20250524_05956_model_113,0.6676158112893766,0.6280554556426357,0.5481889596426528,0.4025893297129683,0.4681027995346423,0.2191202309321695
GBM_grid_1_AutoML_1_20250524_05956_model_129,0.6675886945875603,0.6277033998660926,0.5485858755420348,0.3926554277997544,0.4681197309856691,0.2191360825380952
GBM_grid_1_AutoML_1_20250524_05956_model_158,0.6674663541189009,0.6290401882323898,0.5541241795551529,0.4056824354942312,0.4685964293771859,0.219582613625048
GBM_grid_1_AutoML_1_20250524_05956_model_120,0.667425814199242,0.6271244361719933,0.5489429394046927,0.4153856202202309,0.467844199555235,0.2188781950574785
GBM_grid_1_AutoML_1_20250524_05956_model_90,0.6674013100700259,0.6275179071283271,0.5463791623378687,0.4134318663588035,0.468085833523463,0.2191043475453551
GBM_grid_1_AutoML_1_20250524_05956_model_123,0.6673894183602593,0.6286008105376136,0.5505674552656832,0.4010454794836475,0.4684794524504915,0.2194729973683124
GBM_grid_1_AutoML_1_20250524_05956_model_263,0.6673868057876591,0.6270151526440815,0.5456582754944375,0.3987332626437253,0.4678598957794762,0.2188928820787823
GBM_grid_1_AutoML_1_20250524_05956_model_259,0.6673045547951068,0.6281609997951658,0.5531295781598746,0.3973171582056851,0.4680603450736741,0.2190804866304869
GBM_grid_1_AutoML_1_20250524_05956_model_125,0.6671705027941013,0.6274018028264144,0.5465851713937276,0.387379652744057,0.4680363368135527,0.2190580125778493
GBM_grid_1_AutoML_1_20250524_05956_model_28,0.6670787924869619,0.6274520682235863,0.5520618261920296,0.4169437044657874,0.4679549974453559,0.218981879634083
GBM_grid_1_AutoML_1_20250524_05956_model_128,0.6670499640996489,0.6276956598564585,0.5489777343400902,0.3900060089169805,0.4682363529207776,0.219245282196551
GBM_grid_1_AutoML_1_20250524_05956_model_153,0.6670092440025693,0.6279847301262798,0.5468938970790602,0.4000783771780072,0.4682953952559747,0.2193005772179495
GBM_grid_1_AutoML_1_20250524_05956_model_233,0.6669915866153402,0.6269618072541469,0.549544883495428,0.3993365867369599,0.4679277556724426,0.2189563845286492
GBM_grid_1_AutoML_1_20250524_05956_model_92,0.6669602357441372,0.6284541704722381,0.5461893176438152,0.391368870927202,0.4684586221655502,0.2194534806812456
GBM_grid_1_AutoML_1_20250524_05956_model_48,0.6668054633397507,0.6273379352309059,0.5470713173127613,0.3991395627274177,0.4680651051644678,0.2190849426726243
GBM_grid_1_AutoML_1_20250524_05956_model_265,0.6665433952813334,0.6291390176227762,0.5481361539329004,0.4095367007892672,0.4685603823224716,0.2195488318821807
GBM_grid_1_AutoML_1_20250524_05956_model_218,0.6665232154102144,0.627544743214434,0.5452983119516579,0.4077639351469392,0.4681505130419743,0.2191649028614637
GBM_grid_1_AutoML_1_20250524_05956_model_198,0.6664788917647207,0.6281051940488172,0.5478393333899814,0.3961477166565917,0.4681637405958594,0.2191772880087071
GBM_grid_1_AutoML_1_20250524_05956_model_206,0.6664714144017614,0.6295366999104429,0.5471842106371967,0.4126688149821129,0.4690643016953964,0.2200213191249898
GBM_grid_1_AutoML_1_20250524_05956_model_194,0.6664561894097117,0.6290487415123249,0.5461764761941109,0.3865474132378153,0.4686715768488463,0.2196530469459841
GBM_grid_1_AutoML_1_20250524_05956_model_208,0.6664465499177039,0.6307457511476342,0.5446628420893689,0.3984635370449281,0.4695176919854524,0.2204468630873461
GBM_grid_1_AutoML_1_20250524_05956_model_12,0.6662540303436795,0.6276655200887294,0.5473728486056039,0.4095846279831751,0.4681368445202087,0.219152105197338
GBM_grid_1_AutoML_1_20250524_05956_model_95,0.6662424089000438,0.6288967358941291,0.5506571212343243,0.4248014219602042,0.4685713859994431,0.2195591437774391
GBM_grid_1_AutoML_1_20250524_05956_model_161,0.6662047518191163,0.628235262181081,0.5440301253245272,0.425516546142987,0.4683100579316045,0.2193143103599028
GBM_grid_1_AutoML_1_20250524_05956_model_36,0.6661728604156513,0.6286045102268404,0.5461404340692627,0.3929553331165198,0.4685365500207424,0.2195264987053396
GBM_grid_1_AutoML_1_20250524_05956_model_167,0.6661148432861839,0.6275642132626251,0.5537553395501688,0.3936918083236563,0.4679914596768987,0.2190160063305144
GBM_grid_1_AutoML_1_20250524_05956_model_137,0.6660007909788769,0.6301497351203399,0.54875141454063,0.4079538421483635,0.4692149383883896,0.2201626584068202
GBM_grid_1_AutoML_1_20250524_05956_model_209,0.6659869173174825,0.6276814498599775,0.5500581045005588,0.4011945762992819,0.4680815912182887,0.2191003760374451
GBM_grid_1_AutoML_1_20250524_05956_model_91,0.6659054771233234,0.6300639062558531,0.5422795434181914,0.3987581271277827,0.4690287527509284,0.2199879709070915
GBM_grid_1_AutoML_1_20250524_05956_model_244,0.6658525049616357,0.6288569723388828,0.5431902511148907,0.395666823120727,0.4686055680569265,0.2195911784139548
GBM_grid_1_AutoML_1_20250524_05956_model_145,0.6654381869827218,0.630851401628935,0.5416657896162664,0.3975070652071094,0.469502765324075,0.2204328466469534
GBM_grid_1_AutoML_1_20250524_05956_model_7,0.6652965675300468,0.6306114847068476,0.5396004699580361,0.3898250206978812,0.4695093689856114,0.220439047565267
GBM_4_AutoML_1_20250524_05956,0.6652653968362647,0.629354828415797,0.5476051854690731,0.4037658882701796,0.4686953685313981,0.219675348482783
GBM_grid_1_AutoML_1_20250524_05956_model_216,0.6651410744159774,0.6297532629394255,0.5477913956076178,0.4093858922881361,0.4687202016562259,0.219698627440653
GBM_grid_1_AutoML_1_20250524_05956_model_50,0.6649729688824586,0.6289171163954804,0.5410216653545037,0.3732205903152834,0.4687117318608053,0.2196906875839554
GBM_grid_1_AutoML_1_20250524_05956_model_239,0.6649668428501545,0.6299853185888379,0.5481211798038004,0.4099910181555778,0.4691159538429282,0.2200697781499603
GBM_grid_1_AutoML_1_20250524_05956_model_117,0.6648469347766746,0.6296954671937588,0.5468176131793503,0.3860203942822497,0.468968210195415,0.219931182173891
GBM_grid_1_AutoML_1_20250524_05956_model_235,0.6647722512357919,0.6297393065799425,0.5455748019825206,0.4043071412419809,0.4690544435135711,0.2200120709798258
GBM_grid_1_AutoML_1_20250524_05956_model_96,0.664613334750729,0.6292801292036563,0.543198996875664,0.3950812465034319,0.4688710383802468,0.2198400506317708
GBM_grid_1_AutoML_1_20250524_05956_model_41,0.6643797347247835,0.6285726020083722,0.5491535125508495,0.4034304880015351,0.4684797928976805,0.2194733163534536
GBM_grid_1_AutoML_1_20250524_05956_model_1,0.6643113573936255,0.6290888146752462,0.5447762914375506,0.4011058389195841,0.4688380745849128,0.2198091401804882
GBM_grid_1_AutoML_1_20250524_05956_model_230,0.6641591074731288,0.6288891550409275,0.5498390222050228,0.3993135240271095,0.4687158746430303,0.2196945711423809
GBM_grid_1_AutoML_1_20250524_05956_model_240,0.6641008200775304,0.6292901575154292,0.548412522970189,0.4104027235618914,0.4688763623770167,0.2198450431959035
GBM_5_AutoML_1_20250524_05956,0.6640218122785507,0.6295996786633746,0.5519948477317449,0.3996666717716936,0.4686889936512859,0.2196693727698551
GBM_grid_1_AutoML_1_20250524_05956_model_258,0.6639578492942,0.6297939727743056,0.543686095141533,0.3982168741559814,0.4691009762992848,0.2200557259649422
GBM_grid_1_AutoML_1_20250524_05956_model_174,0.6639561376087033,0.6292884613197902,0.5434222658216373,0.4149402216362452,0.4689762975343642,0.2199387676490405
GBM_grid_1_AutoML_1_20250524_05956_model_32,0.6639396513747087,0.6302621203602011,0.5466600961508999,0.4187892617860808,0.4692427379608232,0.2201887471289697
GBM_2_AutoML_1_20250524_05956,0.663902985269595,0.6289709959645878,0.5483239447440055,0.3927282194777197,0.4685917395496824,0.2195782183741973
GBM_grid_1_AutoML_1_20250524_05956_model_74,0.663865508366088,0.6292538267389608,0.5520268831781363,0.3944654901681685,0.4688022971092789,0.2197755937749365
GBM_grid_1_AutoML_1_20250524_05956_model_211,0.663726681663434,0.6300889800016577,0.5440600712981939,0.3979365180893626,0.469208252090752,0.2201563838300587
GBM_grid_1_AutoML_1_20250524_05956_model_255,0.6636738896791671,0.6307170464926238,0.542919632952875,0.4112686562458053,0.4695326685074826,0.2204609267957575
GBM_grid_1_AutoML_1_20250524_05956_model_122,0.663635872243398,0.628969543012988,0.5526466849105475,0.3948310701547814,0.4685575339408359,0.2195461626127176
GBM_grid_1_AutoML_1_20250524_05956_model_64,0.6635624499444603,0.6301252415631488,0.5475604944433448,0.4079183471964844,0.4689135244422197,0.2198798934048241
GBM_grid_1_AutoML_1_20250524_05956_model_144,0.6634815502825633,0.6302063826780139,0.5419731263781267,0.4084329339100212,0.4691374127824112,0.2200899120721745
GBM_grid_1_AutoML_1_20250524_05956_model_60,0.6633062376522161,0.6303409549945117,0.5474148713388917,0.4143581584786539,0.4693655047339271,0.2203039770341341
GBM_grid_1_AutoML_1_20250524_05956_model_228,0.6630917364328655,0.6307374492037071,0.5442583958365876,0.4116466684744467,0.4695513391185788,0.2204784600680505
GBM_grid_1_AutoML_1_20250524_05956_model_278,0.6630142601419619,0.6309005552058573,0.5394054001700531,0.409618321160847,0.4695445440770248,0.2204720788725011
GBM_grid_1_AutoML_1_20250524_05956_model_39,0.6629575943431497,0.629412535879581,0.5427236341097312,0.4070949363838572,0.4690863085725382,0.2200419648902105
GBM_grid_1_AutoML_1_20250524_05956_model_71,0.6628623705763065,0.6305886378075019,0.5448720959813148,0.4128462897415085,0.469352107816761,0.2202914011120365
GBM_grid_1_AutoML_1_20250524_05956_model_214,0.6628584967617613,0.6292334407036113,0.5475453310653563,0.4133023187933157,0.4688655650292799,0.2198349180702259
GBM_grid_1_AutoML_1_20250524_05956_model_220,0.6628493978020157,0.6303239943931731,0.5405184787859634,0.3883663943885544,0.4693020890109111,0.2202444507500052
GBM_grid_1_AutoML_1_20250524_05956_model_29,0.6628425510600289,0.6311135025802919,0.545794542182886,0.4145356332380495,0.4696474300121225,0.2205687085169915
GBM_grid_1_AutoML_1_20250524_05956_model_264,0.66282498376151,0.6322613671198635,0.5408100565000761,0.3984706540530461,0.4701095792624604,0.2210030165143275
GBM_grid_1_AutoML_1_20250524_05956_model_243,0.6627877771241342,0.6308712294145828,0.5369851439861026,0.403588413510784,0.4696150081658782,0.2205382558946379
GBM_grid_1_AutoML_1_20250524_05956_model_106,0.6626918326476081,0.6300268854053539,0.5467693206183337,0.3985398421825972,0.4691594163834608,0.2201105579812695
GBM_grid_1_AutoML_1_20250524_05956_model_238,0.6626419235020725,0.6307320780935878,0.5404704182592442,0.4164485769136869,0.469622538620589,0.2205453287804466
GBM_grid_1_AutoML_1_20250524_05956_model_88,0.6626399415504447,0.6324999825259063,0.5445404653880922,0.3938568508410232,0.4702379570787501,0.2211237362775964
GBM_grid_1_AutoML_1_20250524_05956_model_130,0.6625212947189097,0.629648416861359,0.5498237849117921,0.3986445252640275,0.4688143789761589,0.2197869219348015
GBM_grid_1_AutoML_1_20250524_05956_model_10,0.6625202136543855,0.6307088578309039,0.5393466413766557,0.4242779164643425,0.4693923312467568,0.220329160633265
GBM_grid_1_AutoML_1_20250524_05956_model_186,0.6625042679526529,0.6302270003826034,0.5426440430622249,0.4133253815031661,0.4692856113988426,0.2202289850659855
GBM_grid_1_AutoML_1_20250524_05956_model_135,0.6623484144837422,0.6296040342356977,0.5510785667581661,0.4068571922772354,0.4689112349083987,0.2198777462233194
GBM_grid_1_AutoML_1_20250524_05956_model_53,0.6622698571283142,0.6322009654151011,0.538348340907461,0.3932410044170494,0.4701693385753823,0.2210592069364124
GBM_grid_1_AutoML_1_20250524_05956_model_63,0.6621536426919588,0.6309136677441739,0.5446725694889205,0.3929748823666664,0.4695004239866935,0.2204306481236849
GBM_grid_1_AutoML_1_20250524_05956_model_102,0.6621532823371173,0.6300964239225275,0.5445151658045602,0.421813089349082,0.469252457206101,0.2201978685939636
GBM_grid_1_AutoML_1_20250524_05956_model_170,0.662068238594544,0.6304073900927467,0.5434065964065166,0.393661628605688,0.4694707752177169,0.2204028087835241
GBM_grid_1_AutoML_1_20250524_05956_model_105,0.6620485091669768,0.631904280950041,0.5430107135454222,0.408246630457011,0.470032817779652,0.2209308497898795
GBM_grid_1_AutoML_1_20250524_05956_model_177,0.661883016206058,0.6303615233028448,0.5439433825800875,0.4046052447845393,0.4692866374287456,0.2202299480691789
GBM_grid_1_AutoML_1_20250524_05956_model_274,0.6618006751247953,0.6308348542248879,0.5496840925017215,0.4042202056364902,0.4695384013701146,0.2204663103612028
GBM_grid_1_AutoML_1_20250524_05956_model_62,0.6617971616650916,0.6306129747561251,0.546983222707057,0.4186650294545038,0.4692589541293298,0.2202039660305524
GBM_grid_1_AutoML_1_20250524_05956_model_273,0.661691127253006,0.6302319872827443,0.5493283728589656,0.399892073724997,0.4693215068680286,0.220262676808877
GBM_grid_1_AutoML_1_20250524_05956_model_124,0.66168193820455,0.6313670338626497,0.5369692013370756,0.393544513282229,0.4699390627239522,0.2208427226738667
GBM_grid_1_AutoML_1_20250524_05956_model_34,0.6616653618818451,0.6323661679012469,0.5427359943849253,0.4172666724924032,0.4701855268599897,0.2210744296686061
GBM_grid_1_AutoML_1_20250524_05956_model_67,0.6614543741221981,0.6312269536436543,0.5449726926548576,0.3978779604276331,0.4696381582908961,0.2205599997228648
GBM_grid_1_AutoML_1_20250524_05956_model_82,0.6614285186623268,0.6309391449647298,0.54673195064575,0.4109901019533934,0.4695230003299215,0.2204518478388114
GBM_grid_1_AutoML_1_20250524_05956_model_142,0.6612777101611957,0.6319984627485856,0.5391321013752147,0.4028910368039408,0.4700387639674099,0.2209364396320104
GBM_grid_1_AutoML_1_20250524_05956_model_134,0.6612648274756153,0.6318530600734963,0.5419515160104256,0.4075900639359577,0.4701203944830184,0.2210131853088689
GBM_grid_1_AutoML_1_20250524_05956_model_143,0.6611734775233172,0.6324685836987686,0.5426723545722426,0.4111072172768525,0.4702437999833495,0.2211292314227805
GBM_grid_1_AutoML_1_20250524_05956_model_13,0.6610185249415099,0.6307961937634539,0.5383554032402651,0.3926252480817861,0.4696162991644013,0.2205394684408685
GBM_grid_1_AutoML_1_20250524_05956_model_205,0.660941769360289,0.6324943931970556,0.5355709565432001,0.3836371875385693,0.4701628247102104,0.221053081739484
GBM_grid_1_AutoML_1_20250524_05956_model_156,0.6609390666989785,0.6312992311741942,0.5447584105815788,0.4065679174282917,0.4698123450509412,0.2207236395622646
GBM_grid_1_AutoML_1_20250524_05956_model_115,0.6609247425940323,0.6325642614663185,0.5341792920935123,0.3913653574674982,0.4703184920393254,0.221199483954145
GBM_grid_1_AutoML_1_20250524_05956_model_126,0.6608931214566984,0.6322507126472301,0.5429775013600785,0.40627152557123,0.4703037145783796,0.221185583946222
GBM_grid_1_AutoML_1_20250524_05956_model_262,0.6608805991259593,0.6306800482880635,0.5439079768528229,0.4154104847042883,0.4695546884835257,0.2204816054768608
GBM_grid_1_AutoML_1_20250524_05956_model_78,0.6608520410047773,0.632229936854479,0.5439277504201763,0.3937663116871183,0.4702281968518799,0.2211145571145703
GBM_grid_1_AutoML_1_20250524_05956_model_178,0.6607098810198403,0.6307753555142236,0.5438483373412185,0.4183633223635313,0.4696652050773677,0.2205854048603659
GBM_grid_1_AutoML_1_20250524_05956_model_279,0.6606663681727397,0.6324490236287269,0.5423046874933724,0.4196516810102908,0.4702878736465034,0.2211706840989496
GBM_grid_1_AutoML_1_20250524_05956_model_242,0.6606494314951933,0.6315062332042246,0.543408119008673,0.4152933693808293,0.4698010707161566,0.2207130460460472
GBM_grid_1_AutoML_1_20250524_05956_model_76,0.6605283522684787,0.6319581834543435,0.5401183016851975,0.393576404685694,0.4700193187894211,0.2209181600352714
GBM_grid_1_AutoML_1_20250524_05956_model_246,0.6604317771709802,0.6323911393386135,0.5399860220745691,0.4113201869881272,0.4702551295901422,0.2211398869058414
GBM_grid_1_AutoML_1_20250524_05956_model_165,0.6600656566521053,0.630891929570494,0.5439366036247413,0.4098402096544467,0.4695599584025029,0.2204865545349602
GBM_grid_1_AutoML_1_20250524_05956_model_195,0.6600163781275422,0.6305313398240848,0.5478259563726133,0.3971432869947037,0.4694558863008649,0.2203888291825306
GBM_grid_1_AutoML_1_20250524_05956_model_112,0.6599863785869946,0.6328364729394543,0.539224142543578,0.4072493484334024,0.4701573988358707,0.221047979680112
GBM_grid_1_AutoML_1_20250524_05956_model_119,0.6598661101586732,0.6312497059024397,0.5465918265695721,0.4044083108637075,0.4698135659631646,0.2207247867630248
GBM_grid_1_AutoML_1_20250524_05956_model_173,0.6598049399243435,0.6315421616294195,0.537888179165596,0.4010011558381538,0.4698686729325896,0.2207765698034328
GBM_grid_1_AutoML_1_20250524_05956_model_190,0.6595563851724794,0.6316585113019525,0.5442899241545419,0.406198823981975,0.4698436870705876,0.2207530902800843
GBM_grid_1_AutoML_1_20250524_05956_model_127,0.6593744059775661,0.631559555932267,0.5482048289994901,0.4074409671203234,0.4699301926562713,0.2208343859699602
GBM_grid_1_AutoML_1_20250524_05956_model_100,0.6593609827597235,0.6311676289675842,0.5454615751291142,0.3904923077754665,0.4696425610001032,0.2205641351027356
GBM_grid_1_AutoML_1_20250524_05956_model_87,0.6593252175417134,0.6321248914158297,0.5386168635936053,0.4235201803215626,0.4702673090571416,0.2211513419678451
GBM_grid_1_AutoML_1_20250524_05956_model_159,0.6591836881777486,0.6306071187885143,0.5444784189514441,0.4035422880910833,0.469599147017202,0.2205233588792838
GBM_grid_1_AutoML_1_20250524_05956_model_44,0.6591788233873895,0.6333018359559345,0.538767633359819,0.4144841925844379,0.4704404206559158,0.221314189386915
GBM_grid_1_AutoML_1_20250524_05956_model_180,0.6589884659424136,0.6318772974355698,0.5459635765123343,0.4168053282066851,0.4698797685980002,0.2207869969377102
GBM_grid_1_AutoML_1_20250524_05956_model_54,0.6588904494255494,0.6338681527095905,0.5331516326662148,0.3896866444387789,0.4710606450765924,0.2218981313399754
GBM_grid_1_AutoML_1_20250524_05956_model_163,0.6588879269416594,0.6305669835850325,0.5497265578907661,0.4140973516621817,0.4693844610623162,0.220321772286761
GBM_grid_1_AutoML_1_20250524_05956_model_217,0.6588608102398431,0.6320458495931071,0.5432631308222432,0.400007387274249,0.470072460341146,0.2209681179711782
GBM_grid_1_AutoML_1_20250524_05956_model_187,0.6586785607787988,0.6322875192419017,0.5403026055177141,0.3877612685211128,0.4701746223154265,0.2210641754694539
GBM_grid_1_AutoML_1_20250524_05956_model_169,0.6583847814943374,0.6332402235970106,0.5330376935418878,0.3883663943885544,0.4706890439058184,0.2215481760529734
GBM_grid_1_AutoML_1_20250524_05956_model_237,0.6583819887443165,0.633500706464491,0.541561028437904,0.4157405697390219,0.4708195521637683,0.2216710506996914
GBM_grid_1_AutoML_1_20250524_05956_model_80,0.6583420794456301,0.633493125281587,0.531840339646712,0.3988752424512418,0.4707089108493751,0.221566878753005
GBM_grid_1_AutoML_1_20250524_05956_model_11,0.6582787470822519,0.6340293158443713,0.5363890194039279,0.3995903666340246,0.4709280528895612,0.2217732309983533
GBM_grid_1_AutoML_1_20250524_05956_model_83,0.6581319925730867,0.6333416267873988,0.5405073960679045,0.4252947477380976,0.4705662670207234,0.2214326116578187
GBM_grid_1_AutoML_1_20250524_05956_model_116,0.6578789333857049,0.6318794487435131,0.5436331131398581,0.4283540702529781,0.4700980094978239,0.2209921385338161
GBM_grid_1_AutoML_1_20250524_05956_model_164,0.6577113683844482,0.6330151568116823,0.5420919893391584,0.4171407284753296,0.4706027595154465,0.2214669572635532
GBM_grid_1_AutoML_1_20250524_05956_model_30,0.6576058745046247,0.6335204406507677,0.5403584083652345,0.4003268418411609,0.4706363663422098,0.2214985893237986
GBM_grid_1_AutoML_1_20250524_05956_model_196,0.6575780370931256,0.6338673349745598,0.5329580364237074,0.3988823594593597,0.4708888177092304,0.2217362786435968
StackedEnsemble_AllModels_5_AutoML_1_20250524_05956,0.6575374971734667,0.6358302709427558,0.5348292082856047,0.4010987219114662,0.4716802633918079,0.2224822708733652
GBM_grid_1_AutoML_1_20250524_05956_model_4,0.6574677685116534,0.6323349481995222,0.5415629227734283,0.4168053282066851,0.4702759792575635,0.2211594966666603
GBM_grid_1_AutoML_1_20250524_05956_model_99,0.6573768690029071,0.6327387224053111,0.5414522945657937,0.405169560466191,0.4703941272701935,0.221270634970287
GBM_grid_1_AutoML_1_20250524_05956_model_204,0.6573507432769048,0.6319414496906771,0.5436129010536576,0.4257064531444113,0.470048248417977,0.2209453558408081
GBM_grid_1_AutoML_1_20250524_05956_model_241,0.6572049797435535,0.6320169078707305,0.5366981222507231,0.4019647446840904,0.4703675232234832,0.221245606903394
GBM_grid_1_AutoML_1_20250524_05956_model_181,0.6569784967257258,0.6336033484397583,0.5354211085708127,0.4096556178869333,0.4708929436387817,0.2217401643687968
GBM_grid_1_AutoML_1_20250524_05956_model_276,0.6566153491342925,0.6338288816851407,0.530452426057415,0.4056149590501767,0.4710860475956195,0.2219220642392622
GBM_grid_1_AutoML_1_20250524_05956_model_201,0.6563564341807377,0.6347439318551631,0.5384488122143869,0.4102394828187316,0.4713266389797725,0.2221488006119688
GBM_grid_1_AutoML_1_20250524_05956_model_184,0.6562916603979939,0.6361271672068245,0.5369982732861964,0.4121099046230823,0.4714503592255253,0.2222654412138768
GBM_grid_1_AutoML_1_20250524_05956_model_148,0.6562691382204057,0.6339914964510468,0.5300788358453472,0.398822000023423,0.4711450180560003,0.2219776280389888
GBM_grid_1_AutoML_1_20250524_05956_model_73,0.6561236449531854,0.6336960935237737,0.5364505154424621,0.4101684929149733,0.470893593170542,0.2217407760890639
GBM_grid_1_AutoML_1_20250524_05956_model_42,0.6558784234836043,0.6335622916626394,0.544283639604691,0.423946119744112,0.4707540156427284,0.2216093432437541
GBM_grid_1_AutoML_1_20250524_05956_model_131,0.6556920299418838,0.636762261911709,0.5340435348859939,0.4126777337644378,0.4722890041043018,0.2230569033978332
GBM_grid_1_AutoML_1_20250524_05956_model_68,0.6550001486463721,0.634050952418717,0.5390731462289743,0.4013720510586774,0.4708419974043661,0.2216921865197331
GBM_grid_1_AutoML_1_20250524_05956_model_57,0.6547477200799627,0.6342713843977472,0.5373304777713312,0.4098792180660296,0.4713537653740869,0.2221743721323298
StackedEnsemble_BestOfFamily_5_AutoML_1_20250524_05956,0.6545202460863212,0.6351522280842541,0.5308870483373176,0.4201503220220952,0.4715844824485565,0.2223919240862729
GBM_grid_1_AutoML_1_20250524_05956_model_2,0.6544506976019286,0.6359798998264966,0.5337988499878834,0.4054641505490456,0.47181838595309,0.222612589323379
GBM_grid_1_AutoML_1_20250524_05956_model_43,0.6537706179274732,0.6341965652681218,0.537161658431764,0.4091002209876064,0.4710929763526038,0.2219285923687549
GBM_grid_1_AutoML_1_20250524_05956_model_254,0.653759356838679,0.635555506326909,0.5325139081597833,0.4113556819400064,0.4716146218720712,0.2224203515635367
GBM_grid_1_AutoML_1_20250524_05956_model_260,0.6537566541773685,0.6370570527480338,0.5303910804186632,0.415463727132107,0.4724077099996709,0.2231690444671332
GBM_grid_1_AutoML_1_20250524_05956_model_202,0.6535845847405941,0.6374230570374133,0.534211538884898,0.4242460250608774,0.4722086667038206,0.2229810249101999
GBM_grid_1_AutoML_1_20250524_05956_model_33,0.6530055845991548,0.6374558753665466,0.5368873639088335,0.4263595062057608,0.4725869107093666,0.2233383881738229
GBM_grid_1_AutoML_1_20250524_05956_model_5,0.6526456802012942,0.6350445777220859,0.538605619155491,0.4107629883145934,0.4713927623627829,0.222211136408015
GBM_grid_1_AutoML_1_20250524_05956_model_149,0.6521181207134665,0.6368144437924669,0.5378874570902112,0.4046638925349792,0.4723025697032561,0.2230697173482991
GBM_grid_1_AutoML_1_20250524_05956_model_171,0.6519499250912374,0.6395663696312129,0.533311137069428,0.4145498672542854,0.4732628841434134,0.2239777575077419
GBM_grid_1_AutoML_1_20250524_05956_model_133,0.6517775853883319,0.6383019709548482,0.5285095764993344,0.4273212932774903,0.4728118726998627,0.2235510669659512
GBM_grid_1_AutoML_1_20250524_05956_model_182,0.6504495877090171,0.6362684443183301,0.5356788293422622,0.4111818107290249,0.4721405158469239,0.2229166667041993
GBM_grid_1_AutoML_1_20250524_05956_model_103,0.6504414797250853,0.6352722075235057,0.5381698801159437,0.4162232650490938,0.4717416468702011,0.2225401813918095
GBM_grid_1_AutoML_1_20250524_05956_model_89,0.6493687934509111,0.6363200115021881,0.5362230135519375,0.4056593727843808,0.4720987619684836,0.222877241052175
GBM_grid_1_AutoML_1_20250524_05956_model_97,0.649121770207123,0.636879664257445,0.5367427962502455,0.4152916576953325,0.4723167301219131,0.2230830935530561
GBM_grid_1_AutoML_1_20250524_05956_model_59,0.6487230375751002,0.6360093829669193,0.538545162815246,0.415199406855931,0.4719981891478986,0.2227822905588954
GBM_grid_1_AutoML_1_20250524_05956_model_256,0.6476032349054114,0.6435179714375117,0.5252380141068865,0.4355268432825803,0.474948126135364,0.2255757225194936
GBM_grid_1_AutoML_1_20250524_05956_model_277,0.6471263052728021,0.6374130809942249,0.5366063581602142,0.4178523391984087,0.4726136953763131,0.2233637050572544
GBM_grid_1_AutoML_1_20250524_05956_model_38,0.6466536998982898,0.6419335803844903,0.5253075813903154,0.4175577491155541,0.4742536504859442,0.2249165249992441
GBM_grid_1_AutoML_1_20250524_05956_model_61,0.6466533395434484,0.6384880896880235,0.5201522462777741,0.4058652254875376,0.473398719391768,0.2241063475217659
GBM_grid_1_AutoML_1_20250524_05956_model_45,0.6465415394539002,0.6393911440267283,0.5273458924604085,0.405497933815428,0.4736696342933745,0.2243629224516191
GBM_grid_1_AutoML_1_20250524_05956_model_166,0.6463909111301899,0.6380282424669922,0.5378993521696052,0.429550178060336,0.4728832742665944,0.2236185910810951
GBM_grid_1_AutoML_1_20250524_05956_model_223,0.6463819022591546,0.6453129670533735,0.5211177096084147,0.4278039885875622,0.4755276925219946,0.2261265863552927
GBM_grid_1_AutoML_1_20250524_05956_model_8,0.6463797401301061,0.644702114315005,0.5249944816363935,0.406007205295054,0.474888496164766,0.2255190837896329
GBM_grid_1_AutoML_1_20250524_05956_model_210,0.6459447918365214,0.6451705162541946,0.5231920104622998,0.4268013913300427,0.4756784730486849,0.2262700097219284
GBM_grid_1_AutoML_1_20250524_05956_model_47,0.6454844385266172,0.6462872400006707,0.5218853099692284,0.4180244987238934,0.4759061433243177,0.226486657253826
GBM_grid_1_AutoML_1_20250524_05956_model_229,0.6454154305744867,0.6387208640212072,0.5330430946775698,0.4015761920763375,0.4729826506958691,0.2237125878592905
GBM_grid_1_AutoML_1_20250524_05956_model_66,0.6449111139739301,0.6444770750712242,0.5208531307952456,0.4314914996797346,0.4755438546208667,0.2261419576676721
GBM_grid_1_AutoML_1_20250524_05956_model_268,0.6448984114657703,0.6442208866333047,0.523920285538438,0.4164592974702189,0.4752158567951315,0.2258301105495309
GBM_grid_1_AutoML_1_20250524_05956_model_200,0.644183647637829,0.6446146624228896,0.524982473922775,0.4168497419408892,0.4751232140107899,0.2257420684919429
GBM_grid_1_AutoML_1_20250524_05956_model_197,0.6440750907418535,0.642264179378971,0.5200148212768808,0.3958497032027437,0.4749423051160069,0.2255701931889062
GBM_grid_1_AutoML_1_20250524_05956_model_221,0.6438461753288464,0.6429117805312585,0.5115948712094972,0.4090114836079087,0.4751656101485597,0.225782357067853
GBM_grid_1_AutoML_1_20250524_05956_model_121,0.6435655489960964,0.6397286042076556,0.5217412409643258,0.4253746564241809,0.473816906793082,0.2245024611629641
GBM_grid_1_AutoML_1_20250524_05956_model_152,0.6425930413678349,0.6478865145884574,0.513647917826149,0.4097940842347459,0.4767799379925769,0.2273191092722054
GBM_grid_1_AutoML_1_20250524_05956_model_224,0.6425640328031013,0.6437519259893693,0.5193160738773904,0.4226631664199737,0.4751827024707424,0.2257986007273981
GBM_grid_1_AutoML_1_20250524_05956_model_93,0.6423069196237535,0.6479994100685679,0.5224833793306085,0.4196695185749407,0.4762619532611598,0.2268254481241351
GBM_grid_1_AutoML_1_20250524_05956_model_69,0.640791717604325,0.6461283218558243,0.5169514822255495,0.4186774616965325,0.4763076888544861,0.2268690144619019
GBM_grid_1_AutoML_1_20250524_05956_model_157,0.6400337111954142,0.644370951078069,0.5173198078714816,0.4203473460316373,0.4756274834354986,0.2262215029991855
GBM_grid_1_AutoML_1_20250524_05956_model_225,0.6398069579114555,0.6411539228940347,0.5250448128909455,0.4323238292746868,0.4743502665068566,0.2250081753351258
GBM_grid_1_AutoML_1_20250524_05956_model_79,0.6396218256116798,0.6532778064580498,0.5154824778550847,0.425167001946817,0.478752547525882,0.2292040017625219
GBM_grid_1_AutoML_1_20250524_05956_model_154,0.6392018320440137,0.655736938476934,0.517408563933566,0.4274757053270355,0.4798802522467302,0.2302850564963854
GBM_grid_1_AutoML_1_20250524_05956_model_56,0.6386457144350042,0.6414814194327088,0.5257285453983447,0.4146564421986329,0.4744589841185375,0.2251113276107946
GBM_grid_1_AutoML_1_20250524_05956_model_236,0.6378757262276163,0.6434404790950143,0.5072762931254571,0.4149668878945097,0.4756176664042797,0.2262121645958527
GBM_grid_1_AutoML_1_20250524_05956_model_261,0.6360135925846181,0.6547027729404262,0.5195856339718692,0.4250126799859822,0.4796315456033622,0.23004641953787
GBM_grid_1_AutoML_1_20250524_05956_model_147,0.6343680322013087,0.6605191438546625,0.5192672589942221,0.432428512356117,0.4814983133222629,0.231840625732184
GBM_grid_1_AutoML_1_20250524_05956_model_94,0.6337947977373319,0.6627401535483661,0.5183210311995857,0.441535489997,0.4821646233709103,0.2324827240304118
XRT_1_AutoML_1_20250524_05956,0.632476709816156,0.6627373239982168,0.5159015883571523,0.4400111890178258,0.4796866368794563,0.2300992696007233
GBM_grid_1_AutoML_1_20250524_05956_model_231,0.6318569895776371,0.6625313794093349,0.5141536040245225,0.4233463991992915,0.4826233097865899,0.2329252591493627
GBM_grid_1_AutoML_1_20250524_05956_model_150,0.6298653984578615,0.6588826921353375,0.5111994436687803,0.4322546411451356,0.4808389232818859,0.2312060701428834
GBM_grid_1_AutoML_1_20250524_05956_model_136,0.629698914521129,0.6600050940426173,0.511719699483283,0.4332696706446838,0.4812880573017792,0.2316381941013207
GBM_grid_1_AutoML_1_20250524_05956_model_175,0.6288868548860063,0.6784049570140839,0.5081261601138042,0.4432621302196272,0.4874524390652126,0.2376098803506248
GBM_grid_1_AutoML_1_20250524_05956_model_98,0.6280993894688099,0.6761091368289237,0.5080799945541531,0.4346484783566378,0.4868933611320973,0.2370651451145108
GBM_grid_1_AutoML_1_20250524_05956_model_110,0.6280224537101684,0.6529710680657744,0.4995681360552336,0.4416313443848157,0.479429134634465,0.2298522951363519
GBM_grid_1_AutoML_1_20250524_05956_model_203,0.6278191234909014,0.6742691780573106,0.5004565017218593,0.4427279942559438,0.486863103332396,0.2370356813864513
GBM_grid_1_AutoML_1_20250524_05956_model_280,0.6277367824096387,0.653085467495517,0.5035949227394403,0.4190945724254674,0.4802250379647982,0.2306160870882919
GBM_grid_1_AutoML_1_20250524_05956_model_191,0.6275205695047914,0.6659146228991,0.5046027124292448,0.453646836039448,0.4836940401659944,0.2339599244921025
DeepLearning_grid_1_AutoML_1_20250524_05956_model_5,0.6269558033795879,0.6541590235717528,0.5119968155578989,0.435315765434223,0.4783380602039855,0.2288072998397116
DeepLearning_grid_1_AutoML_1_20250524_05956_model_12,0.6266525647805393,0.6557235799191558,0.5119780418485147,0.4427440300463867,0.4784001978026624,0.2288667492576266
GBM_grid_1_AutoML_1_20250524_05956_model_226,0.625531861223747,0.6650188067767243,0.5004777663598264,0.434719468260396,0.4837614623822545,0.2340251524862174
DeepLearning_grid_1_AutoML_1_20250524_05956_model_3,0.6254830331427357,0.6697047022189286,0.509300271542814,0.4190910589657636,0.4834009524393806,0.2336764808193003
GBM_grid_1_AutoML_1_20250524_05956_model_219,0.625386187779106,0.6866011709510578,0.5117210183154074,0.4568712010716952,0.4905220605724362,0.2406118919082288
GBM_grid_1_AutoML_1_20250524_05956_model_3,0.6242160255203298,0.6564508612552336,0.4975997317572214,0.4342793849103212,0.4807351553363805,0.2311062895762939
DRF_1_AutoML_1_20250524_05956,0.6237747710170204,0.6966372025742632,0.5002268073459508,0.4354825196370867,0.4905209062587203,0.2406107594768763
DeepLearning_grid_1_AutoML_1_20250524_05956_model_1,0.6217800267923825,0.6558913825522544,0.5065480462151147,0.4440145511284962,0.4794907928912121,0.2299114204674432
GBM_grid_1_AutoML_1_20250524_05956_model_179,0.6214364284510958,0.6917170434487591,0.5027950093827219,0.4563956227697414,0.4925573548232259,0.2426127477904533
GBM_grid_1_AutoML_1_20250524_05956_model_138,0.6200578910052729,0.6843849949270345,0.4995857363149699,0.4396598430474488,0.4901747522027486,0.2402712876970259
DeepLearning_grid_3_AutoML_1_20250524_05956_model_2,0.6200575306504315,0.6617503539364928,0.5044645167376403,0.4621079677158097,0.4816837221890467,0.2320192082218948
GBM_grid_1_AutoML_1_20250524_05956_model_37,0.620035188650264,0.6907721205532108,0.5011864072144302,0.4442381513075926,0.4921323411489767,0.2421942412047728
DeepLearning_grid_3_AutoML_1_20250524_05956_model_3,0.6199896938515356,0.6869052863864459,0.5082433688521666,0.4667360049440684,0.4884162818331821,0.2385504643597503
GBM_grid_1_AutoML_1_20250524_05956_model_77,0.618057561280593,0.6959624183544569,0.4948114865935042,0.4384567083206833,0.4943550751107045,0.2443869402877102
DeepLearning_grid_1_AutoML_1_20250524_05956_model_7,0.6180183726915894,0.6548969117313882,0.5042746842536192,0.4541774585434277,0.4791272583604406,0.2295629297039924
DeepLearning_grid_1_AutoML_1_20250524_05956_model_9,0.6172495556374362,0.6522112769506255,0.4999610072906817,0.4641539724166386,0.4790533162849952,0.2294920798436517
DeepLearning_grid_1_AutoML_1_20250524_05956_model_2,0.6165719083581603,0.657236752370955,0.5074032516628102,0.4614602298883711,0.4798268255710448,0.2302337825375858
DeepLearning_grid_1_AutoML_1_20250524_05956_model_6,0.6161997518956916,0.6548753442993952,0.5016877465533337,0.451130568270576,0.478928954363176,0.2293729433274051
DeepLearning_grid_1_AutoML_1_20250524_05956_model_14,0.616105158749821,0.665698414379305,0.5012334458959433,0.4609669041104776,0.4807759600802121,0.2311455237910497
DeepLearning_grid_2_AutoML_1_20250524_05956_model_2,0.6149185102570501,0.6567775414418598,0.5048130776624629,0.4581648749523656,0.4802293777967429,0.2306202552990468
DeepLearning_grid_3_AutoML_1_20250524_05956_model_1,0.6139925784920411,0.6694535382991402,0.4984894647369657,0.4418408006363866,0.4831225636821048,0.2334074115387694
DeepLearning_grid_2_AutoML_1_20250524_05956_model_3,0.6133924975923792,0.6862425333137936,0.4930599023500999,0.4559538277341698,0.4891275226884562,0.2392457334513462
GBM_grid_1_AutoML_1_20250524_05956_model_253,0.6107142503222923,0.6947895029273223,0.4852020896790779,0.4398230837906086,0.4942519268802073,0.2442849672247977
DeepLearning_grid_1_AutoML_1_20250524_05956_model_31,0.6102567798511194,0.6559610759800079,0.4962011147669435,0.4556698681191369,0.4799169157245333,0.2303202459985488
DeepLearning_grid_1_AutoML_1_20250524_05956_model_30,0.6087179745895783,0.6644834139019762,0.4905415671862585,0.4673570765132426,0.4809505849873565,0.2313134651996804
DeepLearning_grid_1_AutoML_1_20250524_05956_model_11,0.6084187899824958,0.6755406078302673,0.4942173458751469,0.4562874262286073,0.483453119369745,0.2337269186283369
DeepLearning_grid_2_AutoML_1_20250524_05956_model_6,0.6081912259001439,0.6545270247363478,0.5017716334010848,0.4747037207538263,0.4802698274089166,0.2306591071193905
DeepLearning_grid_2_AutoML_1_20250524_05956_model_4,0.6078403303733186,0.7266694430766132,0.4880946215074812,0.4404655063841365,0.4962068857927937,0.2462212735081826
DeepLearning_grid_2_AutoML_1_20250524_05956_model_5,0.6062572915549942,0.6614346992032263,0.4927824400119225,0.4489248362862911,0.4819249017521443,0.2322516109288139
DeepLearning_grid_2_AutoML_1_20250524_05956_model_1,0.6056676609457332,0.6627393108083395,0.4927782429944514,0.4648318899620456,0.4829105577388233,0.2332026067756213
DeepLearning_grid_1_AutoML_1_20250524_05956_model_4,0.6052900090719331,0.6821519440662993,0.489616382028091,0.4606510530919797,0.4871663345314452,0.237331037500804
DeepLearning_grid_1_AutoML_1_20250524_05956_model_8,0.6026783373587973,0.6650749906079455,0.4834291796123039,0.4503373371759171,0.4841015328755418,0.2343542941324493
DeepLearning_grid_3_AutoML_1_20250524_05956_model_4,0.601654389076924,0.7276372895497852,0.4823187872120596,0.4638984808340773,0.4959042175542912,0.2459209929881338
DeepLearning_grid_1_AutoML_1_20250524_05956_model_10,0.6016203355444106,0.6596891873410962,0.4822668429575618,0.4641078469969378,0.4816028748505232,0.2319413290642887
GBM_grid_1_AutoML_1_20250524_05956_model_118,0.6014642118093686,0.6741526868700062,0.4750847818211383,0.4620298608039336,0.4884442366467494,0.2385777723134257
DeepLearning_grid_1_AutoML_1_20250524_05956_model_13,0.5996110870374057,0.6612259916426355,0.4865174235399038,0.4803006620619324,0.4826091812147236,0.2329116217927459
DeepLearning_grid_1_AutoML_1_20250524_05956_model_29,0.5987548839342101,0.6648026546157408,0.4897727120364693,0.4602340324517552,0.4826672658143535,0.2329676894887038
DeepLearning_grid_1_AutoML_1_20250524_05956_model_33,0.5960523127123278,0.6835167718508287,0.474319658340867,0.4695415475618841,0.4871194539366368,0.2372853624035272
GBM_grid_1_AutoML_1_20250524_05956_model_109,0.5921904799656221,0.7872307268005194,0.4682114998469214,0.4554037460687539,0.5200001291677511,0.2704001343344778
DeepLearning_grid_3_AutoML_1_20250524_05956_model_6,0.5875689291245089,0.658915138392939,0.4766320538384807,0.461627074179945,0.4828736593137065,0.2331669708590095
DeepLearning_grid_3_AutoML_1_20250524_05956_model_5,0.582457836231337,0.6620312068699228,0.4721297616960093,0.4623067034108487,0.4836749013182036,0.233941410165174
GLM_1_AutoML_1_20250524_05956,0.5795849973468875,0.6639062383607722,0.472126973323217,0.4496026637429877,0.4828315776850913,0.2331263324098743
DeepLearning_1_AutoML_1_20250524_05956,0.5757899203345535,0.6787704139988906,0.4692955451341509,0.4884299069293533,0.4901795440996265,0.2402759854537177
DeepLearning_grid_1_AutoML_1_20250524_05956_model_32,0.5682730084314024,0.7315983589761108,0.4533597688746536,0.4889161156991289,0.504617913280875,0.2546392384039447
DeepLearning_grid_2_AutoML_1_20250524_05956_model_7,0.5634529921613813,0.6711347513592006,0.4633870399228335,0.4981207495020346,0.4882337673136964,0.2383722115453246
DeepLearning_grid_3_AutoML_1_20250524_05956_model_7,0.5615089678806721,0.6731527795117793,0.4540998725243348,0.490766988253333,0.4890302985384214,0.2391506328885775
